No.,Athlete,Nation,Sport,Years,Games,Gender,Gold,Silver,Bronze,Total
1,Michael Phelps,United States,Swimming,2004–2016,Summer,M,23.0,3.0,2.0,28.0
2,Larisa Latynina,Soviet Union,Gymnastics,1956–1964,Summer,F,9.0,5.0,4.0,18.0
3,Marit Bjørgen,Norway,Cross-country skiing,2002–2018,Winter,F,8.0,4.0,3.0,15.0
4,Nikolai Andrianov,Soviet Union,Gymnastics,1972–1980,Summer,M,7.0,5.0,3.0,15.0
5,Ole Einar Bjørndalen,Norway,Biathlon,1998–2014,Winter,M,8.0,4.0,1.0,13.0
6,Boris Shakhlin,Soviet Union,Gymnastics,1956–1964,Summer,M,7.0,4.0,2.0,13.0
7,Edoardo Mangiarotti,Italy,Fencing,1936–1960,Summer,M,6.0,5.0,2.0,13.0
7,Ireen Wüst,Netherlands,Speed skating,2006–2022,Winter,F,6.0,5.0,2.0,13.0
9,Takashi Ono,Japan,Gymnastics,1952–1964,Summer,M,5.0,4.0,4.0,13.0
10,Paavo Nurmi,Finland,Athletics,1920–1928,Summer,M,9.0,3.0,0.0,12.0
11,Birgit Fischer,East Germany  Germany,Canoeing,1980–2004,Summer,F,8.0,4.0,0.0,12.0
11,Bjørn Dæhlie,Norway,Cross-country skiing,1992–1998,Winter,M,8.0,4.0,0.0,12.0
13,Sawao Katō,Japan,Gymnastics,1968–1976,Summer,M,8.0,3.0,1.0,12.0
13,Jenny Thompson,United States,Swimming,1992–2004,Summer,F,8.0,3.0,1.0,12.0
15,Isabell Werth,Germany,Equestrian,1992–2020,Summer,F,7.0,5.0,0.0,12.0
16,Ryan Lochte,United States,Swimming,2004–2016,Summer,M,6.0,3.0,3.0,12.0
17,Dara Torres,United States,Swimming,1984–2008,Summer,F,4.0,4.0,4.0,12.0
18,Alexei Nemov,Russia,Gymnastics,1996–2000,Summer,M,4.0,2.0,6.0,12.0
19,Natalie Coughlin,United States,Swimming,2004–2012,Summer,F,3.0,4.0,5.0,12.0
20,Mark Spitz,United States,Swimming,1968–1972,Summer,M,9.0,1.0,1.0,11.0
21,Matt Biondi,United States,Swimming,1984–1992,Summer,M,8.0,2.0,1.0,11.0
22,Věra Čáslavská,Czechoslovakia,Gymnastics,1960–1968,Summer,F,7.0,4.0,0.0,11.0
23,Viktor Chukarin,Soviet Union,Gymnastics,1952–1956,Summer,M,7.0,3.0,1.0,11.0
23,Allyson Felix,United States,Athletics,2004–2020,Summer,F,7.0,3.0,1.0,11.0
25,Carl Osburn,United States,Shooting,1912–1924,Summer,M,5.0,4.0,2.0,11.0
26,Emma McKeon,Australia,Swimming,2016–2020,Summer,F,5.0,2.0,4.0,11.0
27,Arianna Fontana,Italy,Short track speed skating,2006–2022,Winter,F,2.0,4.0,5.0,11.0
28,Carl Lewis,United States,Athletics,1984–1996,Summer,M,9.0,1.0,0.0,10.0
29,Katie Ledecky,United States,Swimming,2012–2020,Summer,F,7.0,3.0,0.0,10.0
30,Aladár Gerevich,Hungary,Fencing,1932–1960,Summer,M,7.0,1.0,2.0,10.0
31,Akinori Nakayama,Japan,Gymnastics,1968–1972,Summer,M,6.0,2.0,2.0,10.0
32,Vitaly Scherbo,Unified Team  Belarus,Gymnastics,1992–1996,Summer,M,6.0,0.0,4.0,10.0
33,Ágnes Keleti,Hungary,Gymnastics,1952–1956,Summer,F,5.0,3.0,2.0,10.0
33,Gary Hall Jr.,United States,Swimming,1996–2004,Summer,M,5.0,3.0,2.0,10.0
35,Polina Astakhova,Soviet Union,Gymnastics,1956–1964,Summer,F,5.0,2.0,3.0,10.0
36,Raisa Smetanina,Soviet Union  Unified Team,Cross-country skiing,1976–1992,Winter,F,4.0,5.0,1.0,10.0
37,Allison Schmitt,United States,Swimming,2008–2020,Summer,F,4.0,3.0,3.0,10.0
38,Alexander Dityatin,Soviet Union,Gymnastics,1976–1980,Summer,M,3.0,6.0,1.0,10.0
39,Stefania Belmondo,Italy,Cross-country skiing,1992–2002,Winter,F,2.0,3.0,5.0,10.0
40,Franziska van Almsick,Germany,Swimming,1992–2004,Summer,F,0.0,4.0,6.0,10.0
41,Jason Kenny,Great Britain,Cycling,2008–2020,Summer,M,7.0,2.0,0.0,9.0
42,Hubert Van Innis,Belgium,Archery,1900–1920,Summer,M,6.0,3.0,0.0,9.0
42,Lyubov Yegorova,Unified Team  Russia,Cross-country skiing,1992–1994,Winter,F,6.0,3.0,0.0,9.0
44,Valentina Vezzali,Italy,Fencing,1996–2012,Summer,F,6.0,1.0,2.0,9.0
45,Nadia Comăneci,Romania,Gymnastics,1976–1980,Summer,F,5.0,3.0,1.0,9.0
45,Ian Thorpe,Australia,Swimming,2000–2004,Summer,M,5.0,3.0,1.0,9.0
47,Claudia Pechstein,Germany,Speed skating,1992–2006,Winter,F,5.0,2.0,2.0,9.0
48,Mitsuo Tsukahara,Japan,Gymnastics,1968–1976,Summer,M,5.0,1.0,3.0,9.0
49,Alexander Popov,Unified Team  Russia,Swimming,1992–2000,Summer,M,4.0,5.0,0.0,9.0
50,Sixten Jernberg,Sweden,Cross-country skiing,1956–1964,Winter,M,4.0,3.0,2.0,9.0
50,Ludmilla Tourischeva,Soviet Union,Gymnastics,1968–1976,Summer,F,4.0,3.0,2.0,9.0
52,Sven Kramer,Netherlands,Speed skating,2006–2018,Winter,M,4.0,2.0,3.0,9.0
53,Charlotte Kalla,Sweden,Cross-country skiing,2010–2018,Winter,F,3.0,6.0,0.0,9.0
54,Anky van Grunsven,Netherlands,Equestrian,1992–2012,Summer,F,3.0,5.0,1.0,9.0
54,Leisel Jones,Australia,Swimming,2000–2012,Summer,F,3.0,5.0,1.0,9.0
56,Giulio Gaudini,Italy,Fencing,1928–1936,Summer,M,3.0,4.0,2.0,9.0
56,Alexander Bolshunov,Olympic Athletes from Russia  ROC,Cross-country skiing,2018–2022,Winter,M,3.0,4.0,2.0,9.0
58,Alfred Swahn,Sweden,Shooting,1908–1924,Summer,M,3.0,3.0,3.0,9.0
58,Eizo Kenmotsu,Japan,Gymnastics,1968–1976,Summer,M,3.0,3.0,3.0,9.0
59,Mikhail Voronin,Soviet Union,Gymnastics,1968–1972,Summer,M,2.0,6.0,1.0,9.0
60,Uschi Disl,Germany,Biathlon,1992–2006,Winter,F,2.0,4.0,3.0,9.0
61,Heikki Savolainen,Finland,Gymnastics,1928–1952,Summer,M,2.0,1.0,6.0,9.0
62,Yuri Titov,Soviet Union,Gymnastics,1956–1964,Summer,M,1.0,5.0,3.0,9.0
63,Merlene Ottey,Jamaica,Athletics,1980–2000,Summer,F,0.0,3.0,6.0,9.0
64,Ray Ewry,United States,Athletics,1900–1908,Summer,M,8.0,0.0,0.0,8.0
64,Usain Bolt,Jamaica,Athletics,2008–2016,Summer,M,8.0,0.0,0.0,8.0
66,Gert Fredriksson,Sweden,Canoeing,1948–1960,Summer,M,6.0,1.0,1.0,8.0
66,Danuta Kozák,Hungary,Canoeing,2008–2020,Summer,F,6.0,1.0,1.0,8.0
68,Reiner Klimke,United Team of Germany  West Germany,Equestrian,1964–1988,Summer,M,6.0,0.0,2.0,8.0
68,Ahn Hyun-Soo Viktor Ahn,South Korea  Russia,Short track speed skating,2006–2014,Winter,M,6.0,0.0,2.0,8.0
70,Ville Ritola,Finland,Athletics,1924–1928,Summer,M,5.0,3.0,0.0,8.0
71,Elisabeta Lipă,Romania,Rowing,1984–2004,Summer,F,5.0,2.0,1.0,8.0
71,Johannes Thingnes Bø,Norway,Biathlon,2018–2022,Winter,M,5.0,2.0,1.0,8.0
73,Bradley Wiggins,Great Britain,Cycling,2000–2016,Summer,M,5.0,1.0,2.0,8.0
73,Nathan Adrian,United States,Swimming,2008–2016,Summer,M,5.0,1.0,2.0,8.0
75,Dawn Fraser,Australia,Swimming,1956–1964,Summer,F,4.0,4.0,0.0,8.0
75,Kornelia Ender,East Germany,Swimming,1972–1976,Summer,F,4.0,4.0,0.0,8.0
77,Otto Olsen,Norway,Shooting,1920–1924,Summer,M,4.0,3.0,1.0,8.0
77,Georges Miez,Switzerland,Gymnastics,1924–1936,Summer,M,4.0,3.0,1.0,8.0
77,Ricco Groß,Germany,Biathlon,1992–2006,Winter,M,4.0,3.0,1.0,8.0
77,Emil Hegle Svendsen,Norway,Biathlon,2010–2018,Winter,M,4.0,3.0,1.0,8.0
81,Roland Matthes,East Germany,Swimming,1968–1976,Summer,M,4.0,2.0,2.0,8.0
81,Galina Kulakova,Soviet Union,Cross-country skiing,1972–1980,Winter,F,4.0,2.0,2.0,8.0
81,Kjetil André Aamodt,Norway,Alpine skiing,1992–2006,Winter,M,4.0,2.0,2.0,8.0
81,Sven Fischer,Germany,Biathlon,1994–2006,Winter,M,4.0,2.0,2.0,8.0
81,Inge de Bruijn,Netherlands,Swimming,2000–2004,Summer,F,4.0,2.0,2.0,8.0
81,Jason Lezak,United States,Swimming,2000–2012,Summer,M,4.0,2.0,2.0,8.0
87,Giovanna Trillini,Italy,Fencing,1992–2008,Summer,F,4.0,1.0,3.0,8.0
87,Cate Campbell,Australia,Swimming,2008–2020,Summer,F,4.0,1.0,3.0,8.0
89,Katalin Kovács,Hungary,Canoeing,2000–2012,Summer,F,3.0,5.0,0.0,8.0
90,Roger Ducret,France,Fencing,1920–1928,Summer,M,3.0,4.0,1.0,8.0
90,Philippe Cattiau,France,Fencing,1920–1936,Summer,M,3.0,4.0,1.0,8.0
90,Karin Enke,East Germany,Speed skating,1980–1988,Winter,F,3.0,4.0,1.0,8.0
90,Gunda Niemann-Stirnemann,Germany,Speed skating,1992–1998,Winter,F,3.0,4.0,1.0,8.0
90,Petria Thomas,Australia,Swimming,1996–2004,Summer,F,3.0,4.0,1.0,8.0
90,Shelly-Ann Fraser-Pryce,Jamaica,Athletics,2008–2020,Summer,F,3.0,4.0,1.0,8.0
96,Veronica Campbell-Brown,Jamaica,Athletics,2000–2016,Summer,F,3.0,3.0,2.0,8.0
97,Shirley Babashoff,United States,Swimming,1972–1976,Summer,F,2.0,6.0,0.0,8.0
98,Susie O'Neill,Australia,Swimming,1992–2000,Summer,F,2.0,4.0,2.0,8.0
98,Eugen Mack,Switzerland,Gymnastics,1928-1936,Summer,M,2.0,4.0,2.0,8.0
99,Margit Korondi,Hungary,Gymnastics,1952–1956,Summer,F,2.0,2.0,4.0,8.0
99,Sofia Muratova,Soviet Union,Gymnastics,1956–1960,Summer,F,2.0,2.0,4.0,8.0
99,Dmitri Sautin,Unified Team  Russia,Diving,1992–2008,Summer,M,2.0,2.0,4.0,8.0
99,Apolo Ohno,United States,Short track speed skating,2002–2010,Winter,M,2.0,2.0,4.0,8.0
99,Tiril Eckhoff,Norway,Biathlon,2014–2022,Winter,F,2.0,2.0,4.0,8.0
104,Svetlana Romashina,Russia  ROC,Synchronized swimming,2008–2020,Summer,F,7.0,0.0,0.0,7.0
104,Caeleb Dressel,United States,Swimming,2016–2020,Summer,M,7.0,0.0,0.0,7.0
106,Chris Hoy,Great Britain,Cycling,2000–2012,Summer,M,6.0,1.0,0.0,7.0
107,Natalie Geisenberger,Germany,Luge,2010–2022,Winter,F,6.0,0.0,1.0,7.0
107,Pál Kovács,Hungary,Fencing,1936–1960,Summer,M,6.0,0.0,1.0,7.0
109,Yukio Endō,Japan,Gymnastics,1960–1968,Summer,M,5.0,2.0,0.0,7.0
109,Aaron Peirsol,United States,Swimming,2000–2008,Summer,M,5.0,2.0,0.0,7.0
109,Martin Fourcade,France,Biathlon,2010–2018,Winter,M,5.0,2.0,0.0,7.0
112,Willis Augustus Lee,United States,Shooting,1920,Summer,M,5.0,1.0,1.0,7.0
112,Clas Thunberg,Finland,Speed skating,1924–1928,Winter,M,5.0,1.0,1.0,7.0
112,Hans Günter Winkler,United Team of Germany  West Germany,Equestrian,1956–1976,Summer,M,5.0,1.0,1.0,7.0
112,Tom Jager,United States,Swimming,1984–1992,Summer,M,5.0,1.0,1.0,7.0
112,Krisztina Egerszegi,Hungary,Swimming,1988–1996,Summer,F,5.0,1.0,1.0,7.0
112,Larisa Lazutina,Unified Team  Russia,Cross-country skiing,1992–1998,Winter,F,5.0,1.0,1.0,7.0
112,Dana Vollmer,United States,Swimming,2004–2016,Summer,F,5.0,1.0,1.0,7.0
112,Wu Minxia,China,Diving,2004–2016,Summer,F,5.0,1.0,1.0,7.0
112,Johannes Høsflot Klæbo,Norway,Cross-country skiing,2018–2022,Winter,M,5.0,1.0,1.0,7.0
121,Ivan Patzaichin,Romania,Canoeing,1968–1984,Summer,M,4.0,3.0,0.0,7.0
122,Einar Liberg,Norway,Shooting,1908–1924,Summer,M,4.0,2.0,1.0,7.0
122,Ivar Ballangrud,Norway,Speed skating,1928–1936,Winter,M,4.0,2.0,1.0,7.0
124,Charles Daniels,United States,Swimming,1904–1908,Summer,M,4.0,1.0,2.0,7.0
124,Lloyd Spooner,United States,Shooting,1920,Summer,M,4.0,1.0,2.0,7.0
124,Simone Biles,United States,Gymnastics,2016–2020,Summer,F,4.0,1.0,2.0,7.0
124,Kosuke Kitajima,Japan,Swimming,2004–2012,Summer,M,4.0,1.0,2.0,7.0
124,Libby Trickett,Australia,Swimming,2004–2012,Summer,F,4.0,1.0,2.0,7.0
129,Vilhelm Carlberg,Sweden,Shooting,1908–1924,Summer,M,3.0,4.0,0.0,7.0
129,Kōhei Uchimura,Japan,Gymnastics,2008–2016,Summer,M,3.0,4.0,0.0,7.0
131,Veikko Hakulinen,Finland,Cross-country skiing,1952–1960,Winter,M,3.0,3.0,1.0,7.0
131,Grant Hackett,Australia,Swimming,2000–2008,Summer,M,3.0,3.0,1.0,7.0
131,Kati Wilhelm,Germany,Biathlon,2002–2010,Winter,F,3.0,3.0,1.0,7.0
131,Emily Seebohm,Australia,Swimming,2008–2020,Summer,F,3.0,3.0,1.0,7.0
135,Eero Mäntyranta,Finland,Cross-country skiing,1960–1968,Winter,M,3.0,2.0,2.0,7.0
135,Irena Szewińska,Poland,Athletics,1964–1976,Summer,F,3.0,2.0,2.0,7.0
135,Agneta Andersson,Sweden,Canoeing,1984–1996,Summer,F,3.0,2.0,2.0,7.0
135,Pieter van den Hoogenband,Netherlands,Swimming,2000–2004,Summer,M,3.0,2.0,2.0,7.0
135,Martina Sáblíková,Czech Republic,Speed skating,2010–2022,Winter,F,3.0,2.0,2.0,7.0
135,Eric Frenzel,Germany,Nordic combined,2010–2022,Winter,M,3.0,2.0,2.0,7.0
135,Marte Olsbu Røiseland,Norway,Biathlon,2018–2022,Winter,F,3.0,2.0,2.0,7.0
142,Shirley Strickland,Australia,Athletics,1948–1956,Summer,F,3.0,1.0,3.0,7.0
142,Simona Amânar,Romania,Gymnastics,1996–2000,Summer,F,3.0,1.0,3.0,7.0
142,Felix Gottwald,Austria,Nordic combined,2002–2010,Winter,M,3.0,1.0,3.0,7.0
145,Marja-Liisa Kirvesniemi,Finland,Cross-country skiing,1984–1994,Winter,F,3.0,0.0,4.0,7.0
145,Yelena Välbe,Unified Team  Russia,Cross-country skiing,1992–1998,Winter,F,3.0,0.0,4.0,7.0
147,Gustavo Marzi,Italy,Fencing,1928–1936,Summer,M,2.0,5.0,0.0,7.0
147,Maria Gorokhovskaya,Soviet Union,Gymnastics,1952,Summer,F,2.0,5.0,0.0,7.0
149,Zoltán Halmay,Hungary,Swimming,1900–1908,Summer,M,2.0,4.0,1.0,7.0
149,Amanda Beard,United States,Swimming,1996–2004,Summer,F,2.0,4.0,1.0,7.0
149,Svetlana Khorkina,Russia,Gymnastics,1996–2004,Summer,F,2.0,4.0,1.0,7.0
149,Kirsty Coventry,Zimbabwe,Swimming,2004–2008,Summer,F,2.0,4.0,1.0,7.0
149,Miho Takagi,Japan,Speed skating,2018–2022,Winter,F,2.0,4.0,1.0,7.0
154,Ildikó Újlaky-Rejtő,Hungary,Fencing,1960–1976,Summer,F,2.0,3.0,2.0,7.0
154,Karin Janz,East Germany,Gymnastics,1968–1972,Summer,F,2.0,3.0,2.0,7.0
156,Pavel Lednyov,Soviet Union,Modern Pentathlon,1968–1980,Summer,M,2.0,2.0,3.0,7.0
156,Shannon Miller,United States,Gymnastics,1992–1996,Summer,F,2.0,2.0,3.0,7.0
156,Manuela Di Centa,Italy,Cross-country skiing,1992–1998,Winter,F,2.0,2.0,3.0,7.0
156,Aliya Mustafina,Russia,Gymnastics,2012–2016,Summer,F,2.0,2.0,3.0,7.0
160,Andrea Ehrig-Mitscherlich,East Germany,Speed skating,1976–1988,Winter,F,1.0,5.0,1.0,7.0
160,Bogdan Musiol,East Germany  Germany,Bobsleigh,1980-1992,Summer,M,1.0,5.0,1.0,7.0
160,Dagmar Hase,Germany,Swimming,1992–1996,Summer,F,1.0,5.0,1.0,7.0
163,Vladimir Smirnov,Soviet Union  Kazakhstan,Cross-country skiing,1988-1994,Winter,M,1.0,4.0,2.0,7.0
163,Denis Ablyazin,Russia  ROC,Gymnastics,2012-2020,Summer,M,1.0,4.0,2.0,7.0
165,Masao Takemoto,Japan,Gymnastics,1952-1960,Summer,M,1.0,3.0,3.0,7.0
165,Josef Stalder,Switzerland,Gymnastics,1948-1952,Summer,M,1.0,3.0,3.0,7.0
167,Penny Oleksiak,Canada,Swimming,2016-2020,Summer,F,1.0,2.0,4.0,7.0
168,Huang Xuechen,China,Synchronized Swimming,2008-2020,Summer,F,0.0,5.0,2.0,7.0
169,Rudolf Kárpáti,Hungary,Fencing,1948–1960,Summer,M,6.0,0.0,0.0,6.0
169,Nedo Nadi,Italy,Fencing,1912-1920,Summer,M,6.0,0.0,0.0,6.0
169,Kristin Otto,East Germany,Swimming,1988,Summer,F,6.0,0.0,0.0,6.0
169,Amy Van Dyken,United States,Swimming,1996–2000,Summer,F,6.0,0.0,0.0,6.0
169,Lidiya Skoblikova,Soviet Union,Speed skating,1960–1964,Winter,F,6.0,0.0,0.0,6.0
169,Tobias Arlt,Germany,Luge,2014-2022,Winter,M,6.0,0.0,0.0,6.0
169,Tobias Wendl,Germany,Luge,2014-2022,Winter,M,6.0,0.0,0.0,6.0
176,Nellie Kim,Soviet Union,Gymnastics,1976–1980,Summer,F,5.0,1.0,0.0,6.0
176,Anton Heida,United States,Gymnastics,1904,Summer,M,5.0,1.0,0.0,6.0
176,Ole Lilloe-Olsen,Norway,Shooting,1920-1924,Summer,M,5.0,1.0,0.0,6.0
176,Don Schollander,United States,Swimming,1964–1968,Summer,M,5.0,1.0,0.0,6.0
176,Thomas Alsgaard,Norway,Cross-country skiing,1994-2002,Winter,M,5.0,1.0,0.0,6.0
176,Laura Kenny,Great Britain,Cycling,2012-2020,Summer,F,5.0,1.0,0.0,6.0
176,Elaine Thompson-Herah,Jamaica,Athletics,2016-2020,Summer,F,5.0,1.0,0.0,6.0
183,Steve Redgrave,Great Britain,Rowing,1984-2000,Summer,M,5.0,0.0,1.0,6.0
183,Alfred Lane,United States,Shooting,1912-1920,Summer,M,5.0,0.0,1.0,6.0
183,Johnny Weissmuller,United States,Swimming Water polo,1924-1928,Summer,M,5.0,0.0,1.0,6.0
183,Bonnie Blair,United States,Speed skating,1988–1994,Winter,F,5.0,0.0,1.0,6.0
183,Georgeta Damian,Romania,Rowing,2000-2008,Summer,F,5.0,0.0,1.0,6.0
183,Zou Kai,China,Gymnastics,2008-2012,Summer,M,5.0,0.0,1.0,6.0
183,Lisa Carrington,New Zealand,Canoeing,2012-2020,Summer,F,5.0,0.0,1.0,6.0
183,Missy Franklin,United States,Swimming,2012-2016,Summer,F,5.0,0.0,1.0,6.0
191,Christian d'Oriola,France,Fencing,1948-1956,Summer,M,4.0,2.0,0.0,6.0
191,Lucien Gaudin,France,Fencing,1920-1928,Summer,M,4.0,2.0,0.0,6.0
191,Giuseppe Delfino,Italy,Fencing,1952-1964,Summer,M,4.0,2.0,0.0,6.0
191,Olga Korbut,Soviet Union,Gymnastics,1972-1976,Summer,F,4.0,2.0,0.0,6.0
191,Guo Jingjing,China,Diving,2000-2008,Summer,F,4.0,2.0,0.0,6.0
191,Janica Kostelić,Croatia,Alpine skiing,2002-2006,Winter,F,4.0,2.0,0.0,6.0
191,Kevin Kuske,Germany,Bobsleigh,2002-2018,Winter,M,4.0,2.0,0.0,6.0
191,Jin Jong-oh,South Korea,Shooting,2004-2016,Summer,M,4.0,2.0,0.0,6.0
191,Matt Grevers,United States,Swimming,2002-2012,Summer,M,4.0,2.0,0.0,6.0
191,Jørgen Graabak,Norway,Nordic combined,2014-2022,Winter,M,4.0,2.0,0.0,6.0
201,Kim Soo-nyung,South Korea,Archery,1988-2000,Summer,F,4.0,1.0,1.0,6.0
201,Leontien van Moorsel,Netherlands,Cycling,2000-2004,Summer,F,4.0,1.0,1.0,6.0
201,Elena Belova,Soviet Union,Fencing,1968-1980,Summer,F,4.0,1.0,1.0,6.0
201,Viktor Sidyak,Soviet Union,Fencing,1968-1980,Summer,M,4.0,1.0,1.0,6.0
201,Doina Ignat,Romania,Rowing,1992-2008,Summer,F,4.0,1.0,1.0,6.0
201,Murray Rose,Australia,Swimming,1956-1960,Summer,M,4.0,1.0,1.0,6.0
201,Katrin Wagner-Augustin,Germany,Canoeing,2000-2012,Summer,F,4.0,1.0,1.0,6.0
201,Gunde Svan,Sweden,Cross-country skiing,1984-1988,Winter,M,4.0,1.0,1.0,6.0
201,Charles Hamelin,Canada,Short track speed skating,2006-2022,Winter,M,4.0,1.0,1.0,6.0
201,Wang Meng,China,Short track speed skating,2006-2010,Winter,F,4.0,1.0,1.0,6.0
201,Darya Domracheva,Belarus,Biathlon,2010-2018,Winter,F,4.0,1.0,1.0,6.0
201,Therese Johaug,Norway,Cross-country skiing,2010-2022,Winter,F,4.0,1.0,1.0,6.0
201,Ryan Murphy,United States,Swimming,2016-2020,Summer,M,4.0,1.0,1.0,6.0
214,Győző Kulcsár,Hungary,Fencing,1964-1976,Summer,M,4.0,0.0,2.0,6.0
215,Andrea Pollack,East Germany,Swimming,1976-1980,Summer,F,3.0,3.0,0.0,6.0
215,Rebecca Soni,United States,Swimming,1920-1928,Summer,F,3.0,3.0,0.0,6.0
215,Anastasiya Kuzmina,Slovakia,Biathlon,2010-2018,Winter,F,3.0,3.0,0.0,6.0
218,Knut Holmann,Norway,Canoeing,1992-2000,Summer,M,3.0,2.0,1.0,6.0
218,Andrew Hoy,Australia,Equestrian,1992-2020,Summer,M,3.0,2.0,1.0,6.0
218,Vladimir Nazlymov,Soviet Union,Fencing,1968-1980,Summer,M,3.0,2.0,1.0,6.0
218,Daniela Silivaș,Romania,Gymnastics,1988,Summer,F,3.0,2.0,1.0,6.0
218,Li Ning,China,Gymnastics,1984,Summer,M,3.0,2.0,1.0,6.0
218,Hermann Weingärtner,Germany,Gymnastics,1896,Summer,M,3.0,2.0,1.0,6.0
218,George Eyser,United States,Gymnastics,1904,Summer,M,3.0,2.0,1.0,6.0
218,Michael Groß,West Germany,Swimming,1984-1988,Summer,M,3.0,2.0,1.0,6.0
218,Renate Stecher,East Germany,Athletics,1972-1976,Summer,F,3.0,2.0,1.0,6.0
218,Ralph Rose,United States,Athletics,1904-1912,Summer,M,3.0,2.0,1.0,6.0
218,Halvard Hanevold,Norway,Biathlon,1998-2010,Winter,M,3.0,2.0,1.0,6.0
218,Natasa Dusev-Janics,Hungary,Canoeing,2004-2012,Summer,F,3.0,2.0,1.0,6.0
218,Vegard Ulvang,Norway,Cross-country skiing,1988-1994,Winter,M,3.0,2.0,1.0,6.0
218,Yuliya Chepalova,Russia,Cross-country skiing,1998-2006,Winter,F,3.0,2.0,1.0,6.0
218,Sun Yang,China,Swimming,2012-2016,Summer,M,3.0,2.0,1.0,6.0
218,Tarjei Bø,Norway,Biathlon,2010-2022,Winter,M,3.0,2.0,1.0,6.0
218,Aly Raisman,United States,Gymnastics,2012-2016,Summer,F,3.0,2.0,1.0,6.0
235,Konrad Frey,Germany,Gymnastics,1936,Summer,M,3.0,1.0,2.0,6.0
235,Alfred Schwarzmann,Germany  Germany,Gymnastics,1936-1952,Summer,M,3.0,1.0,2.0,6.0
235,Leon Štukelj,Yugoslavia,Gymnastics,1924-1936,Summer,M,3.0,1.0,2.0,6.0
235,Oscar Swahn,Sweden,Shooting,1908-1920,Summer,M,3.0,1.0,2.0,6.0
235,Kim Rhode,United States,Shooting,1996-2016,Summer,F,3.0,1.0,2.0,6.0
235,Jackie Joyner-Kersee,United States,Athletics,1984-1996,Summer,F,3.0,1.0,2.0,6.0
235,Johan Grøttumsbråten,Norway,Cross-country skiing Nordic combined,1924-1932,Winter,M,3.0,1.0,2.0,6.0
235,Brendan Hansen,United States,Swimming,2004-2012,Summer,M,3.0,1.0,2.0,6.0
235,Charlotte Dujardin,Great Britain,Equestrian,2012-2020,Summer,F,3.0,1.0,2.0,6.0
235,Suzanne Schulting,Netherlands,Short track speed skating,2018-2022,Winter,F,3.0,1.0,2.0,6.0
245,Rüdiger Helm,East Germany,Canoeing,1976-1980,Summer,M,3.0,0.0,3.0,6.0
245,Angel Martino,United States,Swimming,1992-1996,Summer,F,3.0,0.0,3.0,6.0
245,Tirunesh Dibaba,Ethiopia,Athletics,2004-2016,Summer,F,3.0,0.0,3.0,6.0
245,Max Whitlock,Great Britain,Gymnastics,2012-2020,Summer,M,3.0,0.0,3.0,6.0
249,Michael Plumb,United States,Equestrian,1964-1984,Summer,M,2.0,4.0,0.0,6.0
250,Rita Kőbán,Hungary,Canoeing,1988-2000,Summer,F,2.0,3.0,1.0,6.0
250,Burton Downing,United States,Cycling,1904,Summer,M,2.0,3.0,1.0,6.0
250,Georges Buchard,France,Fencing,1924-1936,Summer,M,2.0,3.0,1.0,6.0
250,Tamara Manina,Soviet Union,Gymnastics,1956-1964,Summer,F,2.0,3.0,1.0,6.0
250,Li Xiaoshuang,China,Gymnastics,1992-1996,Summer,M,2.0,3.0,1.0,6.0
250,Shuji Tsurumi,Japan,Gymnastics,1960-1964,Summer,M,2.0,3.0,1.0,6.0
250,Veronica Cochela,Romania  Romania,Rowing,1988-2000,Summer,F,2.0,3.0,1.0,6.0
250,Wang Yifu,China,Shooting,1984-2004,Summer,M,2.0,3.0,1.0,6.0
250,Albert Helgerud,Norway,Shooting,1908-1920,Summer,M,2.0,3.0,1.0,6.0
250,Michael Klim,Australia,Swimming,1996-2004,Summer,M,2.0,3.0,1.0,6.0
250,Sergei Tchepikov,Soviet Union  Unified Team  Russia,Biathlon,1988-2006,Winter,M,2.0,3.0,1.0,6.0
250,Wolfgang Hoppe,East Germany  Germany,Bobsleigh,1984-1994,Winter,M,2.0,3.0,1.0,6.0
250,Claudia Nystad,Germany,Cross-country skiing,2002-2014,Winter,F,2.0,3.0,1.0,6.0
250,Lee Seung-hoon,South Korea,Speed skating,2010-2022,Winter,M,2.0,3.0,1.0,6.0
264,Josef Neckermann,United Team of Germany  West Germany,Equestrian,1960-1972,Summer,M,2.0,2.0,2.0,6.0
264,Philippe Riboud,France,Fencing,1980-1988,Summer,M,2.0,2.0,2.0,6.0
264,Robert Garrett,United States,Athletics,1896-1900,Summer,M,2.0,2.0,2.0,6.0
264,Eugenio Monti,Italy,Bobsleigh,1956-1968,Winter,M,2.0,2.0,2.0,6.0
268,Mark Todd,New Zealand,Equestrian,1984-2012,Summer,M,2.0,1.0,3.0,6.0
268,Lavinia Miloșovici,Romania,Gymnastics,1992-1996,Summer,F,2.0,1.0,3.0,6.0
268,Daniela Hunger,East Germany  Germany,Swimming,1988-1992,Summer,F,2.0,1.0,3.0,6.0
268,Armin Zöggeler,Italy,Luge,1994-2014,Winter,M,2.0,1.0,3.0,6.0
268,Anna Meares,Australia,Cycling,2004-2016,Summer,F,2.0,1.0,3.0,6.0
268,Johan Olsson,Sweden,Cross-country skiing,2006-2014,Winter,M,2.0,1.0,3.0,6.0
274,Duncan Scott,Great Britain,Swimming,2016-2020,Summer,M,1.0,5.0,0.0,6.0
275,Hrihoriy Misyutin,Unified Team  Ukraine,Gymnastics,1992-1996,Summer,M,1.0,4.0,1.0,6.0
275,Kateřina Neumannová,Czech Republic,Cross-country skiing,1998-2006,Winter,F,1.0,4.0,1.0,6.0
277,Olga Tass,Hungary,Gymnastics,1948-1956,Summer,F,1.0,3.0,2.0,6.0
277,Bode Miller,United States,Alpine skiing,2002-2014,Winter,M,1.0,3.0,2.0,6.0
279,Raimondo D'Inzeo,Italy,Equestrian,1956-1972,Summer,M,1.0,2.0,3.0,6.0
279,Pavel Kolobkov,Soviet Union  Unified Team  Russia,Fencing,1988-2004,Summer,M,1.0,2.0,3.0,6.0
279,Cindy Klassen,Canada,Speed skating,2002-2006,Winter,F,1.0,2.0,3.0,6.0
282,Clara Hughes,Canada,Cycling Speed skating,1996-2010,Summer Winter,F,1.0,1.0,4.0,6.0
282,Mika Myllylä,Finland,Cross-country skiing,1994-1998,Winter,M,1.0,1.0,4.0,6.0
282,Anja Pärson,Sweden,Alpine skiing,2002-2010,Winter,F,1.0,1.0,4.0,6.0
282,Kyle Chalmers,Australia,Swimming,2016-2020,Summer,M,1.0,1.0,4.0,6.0
282,Andre De Grasse,Canada,Athletics,2016-2020,Summer,M,1.0,1.0,4.0,6.0
287,Daniel Revenu,France,Fencing,1964-1976,Summer,M,1.0,0.0,5.0,6.0
288,László Cseh,Hungary,Swimming,2004-2016,Summer,M,0.0,4.0,2.0,6.0
289,Frank Beaurepaire,Australasia  Australia,Swimming,1908-1924,Summer,M,0.0,3.0,3.0,6.0
290,Piero D'Inzeo,Italy,Equestrian,1956-1972,Summer,M,0.0,2.0,4.0,6.0
290,Roald Larsen,Norway,Speed skating,1924-1928,Winter,M,0.0,2.0,4.0,6.0
290,Rintje Ritsma,Netherlands,Speed skating,1994-2006,Winter,M,0.0,2.0,4.0,6.0
290,Dimitrij Ovtcharov,Germany,Table tennis,2008-2020,Summer,M,0.0,2.0,4.0,6.0
294,Harri Kirvesniemi,Finland,Cross-country skiing,1980-1998,Winter,M,0.0,0.0,6.0,6.0
